{"cameraMode":{"drawMode":0,"name":"Shaded","section":"Shading Mode"},"sceneLighting":true,"audioPlay":false,"sceneViewState":{"showFog":true,"showMaterialUpdate":false,"showSkybox":true,"showFlares":true,"showImageEffects":true,"showParticleSystems":true},"in2DMode":false,"pivot":{"x":-2.125666856765747,"y":4.400205135345459,"z":-2.534945011138916},"rotation":{"x":-0.16258910298347474,"y":-0.6431379318237305,"z":0.14233970642089845,"w":-0.7346317768096924},"size":0.3073950409889221,"orthographic":false}